Segment,R,G,B,PixelCount,PercentageArea
2,2,255,146,24,3.0112923462986196
3,8,248,148,42,5.269761606022585
4,2,255,146,679,85.19447929736512
