Segment,R,G,B,PixelCount,PercentageArea,Assigned_Value
2,2,255,146,24,3.0112923462986196,36.66791019432368
3,8,248,148,42,5.269761606022585,36.52677350335538
4,2,255,146,679,85.19447929736512,36.66791019432368
